{"type":"text","data":{"Hola":["Hola","¿Cómo estás?","Buenos días","Buenas tardes","Buenas noches","¿Cómo te encuentras?","como estas","hola","buenas tardes","buenas noches","buenas","Estoy bien"],"Contraseña":["cifrado","contraseña","clave ","código","codigo","password","combinación","accesible","sistema","contraseñas","gestión"],"Adiós":["Hasta luego","Adiós","Chao","Hasta la próxima","Hasta pronto","Nos vemos","que te vaya bien","chau","cuídate","asta la proxima","Un gusto"],"DarkWeb":["Internet oscuro","navegador ","navegador anónimo","anónimo","anonimato de sus miembros","destino de la información","anonimo","buscador","inaccesible","vuscador"],"Ciber Acoso":["Ciber Acoso","Acoso","restringir comunicación","bloquear","ignorar","molestar","Ciber Bullying","Bullying","restringir la comunicacion","akoso"],"Malware":["Malware","Virus","Troyano","Adware","Spywere","Ransomwere","Gusano","Backdoor","Phising","Rootkits","Botnets","Malversiting"],"Actualizaciones":["Seguridad","Mejor rendimiento","Actualización","Actualización de software","actualizacion","menor vulnerabilidad","vulnerabilidad","seguridad","rendimiento","actualicar"],"Guardar Información en la Nube":["Salvar","Guardar","Recuperar","Almacenamiento","Almacenamiento externo","Daño en el dispositivo","Documentos ","Videos","bideos","rekuperar"]}}