{"type":"text","data":{"Saludos":["Buenos días","Un saludo","Bienvenido","Buenas","¡Qué tiempo!","Eyyy ¿Qué pasa?","¿Cómo andamos?","¡Hola!","¡Qué tal!","¿Qué es de tu vida?","Hi!","What´s up bro!"],"Contraseñas":["Cifrado","Código","Fuertes","Combinaciones","Acceder","Usuario","Robar","Oculto","Seguro","Patrón","Cuenta","Contraseña"],"Virus":["Antivirus","Inseguro","Ejecutable","Estado","Funcionamiento","Ordenador","Móvil","Troyanos","Gusanos","Adware","Malware","Virus","Malicioso","Malo"],"Despedidas":["Adiós","Hasta luego","¡Que te vaya bien!","Un placer","¡Hasta otra!","Hasta pronto","¡Ciao!","Con permiso","¡Cuidate!","Ten un buen día","Bye!","See you later!","See you soon!"],"Biometría":["Rasgos físicos","Datos biológicos","Reconocimiento facial","Exámenes de retina","Autentificación","Autenticación","Asociar","Lector digital","Escáner","Fotografía facial","Interfaz","Huella dactilar","Biometría"],"Actualizar":["Renovar","Sistema operativo","Aplicaciones","Seguro","Complicado de atacar","Refrescar","Modernizar","Actualizar","Dispositivos electrónicos","Ordenador","Móvil"],"Tecnología":["Algoritmo","Archivo","Descarga","Base de datos","Software","Hardware","Página web","Programa","Plataforma","Internet","Internet de las cosas","Red informática","Huella digital"],"Violencia digital":["Ciberacoso","Ciberbullying","Sexting ","Grooming","Stalking","Doxing","Fraping","Trolling","Shaming","Netiqueta","Ciberviolencia de género","Violencia online"],"Navegar":["Pinchar","Verificar","Sitio web","Cookies","Peligro","Navegar","Enlace","Acceder","Proteger","Cuidado","Sistema informático","Red","Investigar","Desplazarse"],"Dispositivos desatendidos":["Salvapantallas","Cuidar","Bloquear","Establecer","No uso","Dispositivos desatendidos","Desantendidos","Gestionar","Apagado","Reposo","Sin utilización"],"Aplicaciones seguras":["Aplicaciones","Instalar","Fuentes","Confianza","Páginas web","Sitios web","Tiendas oficiales","Provenir","Aplicaciones seguras","Averiguar"],"Copias de seguridad":["Copias de seguridad","Crear","Proteger","Dispositivos externos","Conectados","Borrarlos","Dañarlos","Nadie puede tener acceso","Único propietario","Duplicar","Dos archivos"]}}